{"cameraMode":{"drawMode":0,"name":"Shaded","section":"Shading Mode"},"sceneLighting":false,"audioPlay":false,"sceneViewState":{"m_AlwaysRefresh":false,"showFog":true,"showSkybox":false,"showFlares":true,"showImageEffects":true,"showParticleSystems":true,"showVisualEffectGraphs":true,"m_FxEnabled":true},"in2DMode":false,"pivot":{"x":30.02469825744629,"y":0.15325984358787538,"z":-0.417677640914917},"rotation":{"x":-0.2828929126262665,"y":0.004889618139714003,"z":-0.0014381769578903914,"w":-0.9591528177261353},"size":1.2524409294128419,"orthographic":false}